{
  "eval_results": {
    "eval_loss": 0.0710308700799942,
    "eval_accuracy": 0.988,
    "eval_macro_f1": 0.9879963986794837,
    "eval_weighted_f1": 0.9879963986794837,
    "eval_runtime": 35.8549,
    "eval_samples_per_second": 6.973,
    "eval_steps_per_second": 0.892,
    "epoch": 2.0
  },
  "classification_report": {
    "complaint": {
      "precision": 0.9615384615384616,
      "recall": 1.0,
      "f1-score": 0.9803921568627451,
      "support": 50.0
    },
    "praise": {
      "precision": 1.0,
      "recall": 1.0,
      "f1-score": 1.0,
      "support": 50.0
    },
    "request": {
      "precision": 1.0,
      "recall": 0.96,
      "f1-score": 0.9795918367346939,
      "support": 50.0
    },
    "spam": {
      "precision": 1.0,
      "recall": 0.98,
      "f1-score": 0.98989898989899,
      "support": 50.0
    },
    "urgent": {
      "precision": 0.9803921568627451,
      "recall": 1.0,
      "f1-score": 0.9900990099009901,
      "support": 50.0
    },
    "accuracy": 0.988,
    "macro avg": {
      "precision": 0.9883861236802414,
      "recall": 0.9879999999999999,
      "f1-score": 0.9879963986794837,
      "support": 250.0
    },
    "weighted avg": {
      "precision": 0.9883861236802414,
      "recall": 0.988,
      "f1-score": 0.9879963986794837,
      "support": 250.0
    }
  },
  "confusion_matrix": [
    [
      50,
      0,
      0,
      0,
      0
    ],
    [
      0,
      50,
      0,
      0,
      0
    ],
    [
      1,
      0,
      48,
      0,
      1
    ],
    [
      1,
      0,
      0,
      49,
      0
    ],
    [
      0,
      0,
      0,
      0,
      50
    ]
  ],
  "id2label": {
    "0": "complaint",
    "1": "praise",
    "2": "request",
    "3": "spam",
    "4": "urgent"
  },
  "label2id": {
    "complaint": 0,
    "praise": 1,
    "request": 2,
    "spam": 3,
    "urgent": 4
  }
}